x0,x1,x2,x3,x4,x5,x6,x7,x8,x9,x10,train_C1
0.7265215516090393,0.3037012815475464,0.6886174082756042,0.3389834761619568,0.8214171528816223,0.18169920146465302,0.4306783676147461,0.8082008361816406,0.5267126560211182,0.3830763101577759,0.7773862481117249,0.3558821403610187
0.42655953764915466,0.9034225940704346,0.1197175607085228,0.9410333633422852,0.3062953054904938,0.745559573173523,0.9431473612785339,0.24826526641845703,0.17542937397956848,0.7823467254638672,0.44639596343040466,0.9693710290478462
0.14004138112068176,0.21248359978199005,0.9476425051689148,0.1136845275759697,0.048423655331134796,0.921107292175293,0.06687713414430618,0.4217265546321869,0.260392963886261,0.5228910446166992,0.18787617981433868,0.6090732837787611
0.9652032852172852,0.6117667555809021,0.36114928126335144,0.7313612103462219,0.5635416507720947,0.4827045798301697,0.5553613305091858,0.6039765477180481,0.9085588455200195,0.1857105791568756,0.5209569334983826,0.6331642090557086
0.7592378258705139,0.06606939435005188,0.16129697859287262,0.6239586472511292,0.645841121673584,0.040136128664016724,0.21258939802646637,0.25851744413375854,0.39117631316185,0.9933837056159973,0.008648211136460304,0.4274013625136702
0.08818390965461731,0.7268067002296448,0.5298799276351929,0.22503378987312317,0.22444044053554535,0.6019509434700012,0.6616014838218689,0.700290858745575,0.8050910234451294,0.32850560545921326,0.7165992856025696,0.7608656660080676
0.34561118483543396,0.41876041889190674,0.4203382730484009,0.8296843767166138,0.48231202363967896,0.8087180256843567,0.2859259843826294,0.9032940864562988,0.626397967338562,0.09965521842241287,0.9577128291130066,0.6879894078112223
0.5496774911880493,0.7569892406463623,0.7713583707809448,0.4463827311992645,0.903716504573822,0.37242206931114197,0.8359454274177551,0.08725311607122421,0.04061586782336235,0.702477753162384,0.2516080439090729,0.6995717166222315
0.6106389760971069,0.15356990694999695,0.4611310064792633,0.16803084313869476,0.3654354214668274,0.3827386498451233,0.13382790982723236,0.32263919711112976,0.46828848123550415,0.20437206327915192,0.3341353237628937,0.30448936519879277
0.2836383581161499,0.5533708333969116,0.8471733331680298,0.5513306260108948,0.7565320730209351,0.9439088106155396,0.7399978041648865,0.6403815150260925,0.8666927814483643,0.6172971725463867,0.8781154155731201,0.9923136797365584
0.025242280215024948,0.36148589849472046,0.20649948716163635,0.3783246874809265,0.5141633749008179,0.6433916091918945,0.36371949315071106,0.9669190645217896,0.7016372680664062,0.8266124725341797,0.6350637674331665,0.6069165182124602
0.8231214880943298,0.9627034068107605,0.6023226976394653,0.7772514820098877,0.12306287884712219,0.20670275390148163,0.7585189938545227,0.026862263679504395,0.1001003086566925,0.4757429361343384,0.09311307966709137,0.5186472934776823
0.9060506820678711,0.47666794061660767,0.933827817440033,0.8846482038497925,0.16626930236816406,0.2704870402812958,0.47824326157569885,0.8684152364730835,0.5823251008987427,0.6564725041389465,0.5653978586196899,0.4771165801647704
0.20014570653438568,0.8163912892341614,0.2573797404766083,0.26697346568107605,0.7136482000350952,0.8335196375846863,0.8959476351737976,0.18444862961769104,0.24678142368793488,0.009155347011983395,0.14831745624542236,0.24761978494752096
0.4915542006492615,0.007276799529790878,0.6791819930076599,0.662685215473175,0.9560168385505676,0.501721978187561,0.020264964550733566,0.4814460873603821,0.31806930899620056,0.31158360838890076,0.40490004420280457,0.3164461374688605
0.6605252623558044,0.6685339212417603,0.012484275735914707,0.06063343957066536,0.4086417853832245,0.06323161721229553,0.6016064286231995,0.5396803021430969,0.9817303419113159,0.8968108296394348,0.823765754699707,0.4961177384995543
0.6388369202613831,0.03288407623767853,0.8405771255493164,0.871662974357605,0.6015899777412415,0.8458285927772522,0.9857645034790039,0.45665374398231506,0.8146499991416931,0.35800406336784363,0.8594344258308411,0.4497389765745007
0.465889036655426,0.6350552439689636,0.4760268032550812,0.47273820638656616,0.023940490558743477,0.2845315933227539,0.3883345425128937,0.5217162370681763,0.47928938269615173,0.9450790286064148,0.4112270176410675,0.44694860411521287
0.22531509399414062,0.45192113518714905,0.5854735374450684,0.5819204449653625,0.2663091719150543,0.11630642414093018,0.5117971897125244,0.8201785683631897,0.08183823525905609,0.7360116839408875,0.16835848987102509,0.42753361442671106
0.9272470474243164,0.8487696647644043,0.23067356646060944,0.19861865043640137,0.8439624309539795,0.5531221032142639,0.1102270781993866,0.1274304836988449,0.745316207408905,0.0868811085820198,0.61859530210495,0.434429714333747
0.8444047570228577,0.3329719007015228,0.30547961592674255,0.08729658275842667,0.9262161254882812,0.9855605363845825,0.6424521207809448,0.9694718718528748,0.19724109768867493,0.7811437845230103,0.09850937873125076,0.9782673787990359
0.05036502704024315,0.9990887641906738,0.878404438495636,0.6893463730812073,0.4423412084579468,0.4221588671207428,0.2315259873867035,0.03624340146780014,0.5947298407554626,0.42846083641052246,0.6736164689064026,0.3062259421646512
0.2580333948135376,0.18322235345840454,0.05032928287982941,0.3653089106082916,0.199972465634346,0.2227141410112381,0.8561028242111206,0.36424577236175537,0.9609658122062683,0.12579990923404694,0.9303821921348572,0.6572410592126667
0.5888696908950806,0.5160868763923645,0.6330350041389465,0.9829857349395752,0.6838435530662537,0.6615736484527588,0.2660442888736725,0.6732066869735718,0.36034440994262695,0.5405727624893188,0.35706040263175964,0.49936768804872045
0.5240072011947632,0.38482776284217834,0.06819948554039001,0.6363335251808167,0.08502987772226334,0.5935177206993103,0.6888649463653564,0.9085850119590759,0.1317676156759262,0.05430358648300171,0.30677470564842224,0.21154195509827756
0.32389870285987854,0.7831725478172302,0.7484350800514221,0.01865863986313343,0.5386618971824646,0.030028339475393295,0.18523412942886353,0.10134069621562958,0.5450109839439392,0.6550332903862,0.983596920967102,0.46778675874205333
0.1094021424651146,0.09909246861934662,0.32672199606895447,0.9110594987869263,0.796533465385437,0.3232229948043823,0.8087048530578613,0.30287912487983704,0.8975254893302917,0.9147292971611023,0.7248940467834473,0.7992686018231713
0.7844175696372986,0.7017813920974731,0.9893947243690491,0.30900782346725464,0.34290528297424316,0.7612547278404236,0.3133193850517273,0.7378089427947998,0.3124147355556488,0.25190970301628113,0.05016230046749115,0.6710951052191856
0.9903173446655273,0.24930763244628906,0.5330579280853271,0.4203280508518219,0.38612696528434753,0.700032114982605,0.9080482721328735,0.3918616771697998,0.7628330588340759,0.5692440271377563,0.545849084854126,0.9682189394710383
0.16130445897579193,0.58269202709198,0.15079548954963684,0.8036279678344727,0.9959725141525269,0.1383422166109085,0.4659298062324524,0.5829083919525146,0.41197705268859863,0.23412206768989563,0.2459876537322998,0.31549034339960136
0.40481558442115784,0.26575741171836853,0.7916252613067627,0.1260899007320404,0.7381008267402649,0.4628174602985382,0.5905138254165649,0.7549048066139221,0.028178714215755463,0.46271681785583496,0.4869181215763092,0.59465720167283
0.7009229063987732,0.9333687424659729,0.3917694389820099,0.5250166058540344,0.12825149297714233,0.8989884853363037,0.03163331374526024,0.18812568485736847,0.6759173274040222,0.8598943948745728,0.7886258363723755,0.5380664144166956
0.7099593877792358,0.20080964267253876,0.19868136942386627,0.9932360053062439,0.8754563331604004,0.7790259718894958,0.5218530893325806,0.11899988353252411,0.49474331736564636,0.41534391045570374,0.7000289559364319,0.7833507578773757
0.380641371011734,0.5998792052268982,0.6101109981536865,0.3452858030796051,0.48530372977256775,0.34059274196624756,0.10416976362466812,0.9340624213218689,0.8304622173309326,0.7500829696655273,0.025158967822790146,0.5279722733512103
0.18596598505973816,0.28397083282470703,0.4377021789550781,0.7093698978424072,0.24293500185012817,0.008305064402520657,0.9795852899551392,0.7320363521575928,0.7298698425292969,0.5532016754150391,0.26634925603866577,0.4889718550352178
0.9817680716514587,0.8839665651321411,0.8706314563751221,0.0770467221736908,0.6330837607383728,0.5722569823265076,0.39826855063438416,0.2892882823944092,0.06601829826831818,0.15539611876010895,0.9430350661277771,0.6021008387972016
0.8051738739013672,0.4306478500366211,0.6713743805885315,0.21571213006973267,0.5898488163948059,0.8893387317657471,0.8660359382629395,0.5732238292694092,0.6106871366500854,0.9611333012580872,0.4609540104866028,0.9985508143196347
0.10476014018058777,0.7686632871627808,0.020321199670433998,0.5667873620986938,0.04347888380289078,0.45295122265815735,0.25986406207084656,0.3899953067302704,0.2125805914402008,0.3607521653175354,0.7627695202827454,0.38271418785501954
0.32902994751930237,0.08552535623311996,0.9103808999061584,0.4878709316253662,0.285847544670105,0.15194401144981384,0.6363937854766846,0.21750934422016144,0.34439486265182495,0.06936176866292953,0.5043255686759949,0.470964826526289
0.5037402510643005,0.7465372681617737,0.2807968258857727,0.854569137096405,0.832221269607544,0.7137893438339233,0.241580992937088,0.7764702439308167,0.945618748664856,0.7327750325202942,0.2045699805021286,0.5471253093094294
0.5627499222755432,0.34972041845321655,0.9554651379585266,0.5137820243835449,0.43690013885498047,0.5315971970558167,0.7875107526779175,0.5079423189163208,0.5607926845550537,0.23466551303863525,0.1318085491657257,0.7944642569511164
0.269015371799469,0.9511515498161316,0.35335785150527954,0.14708192646503448,0.9530271291732788,0.09487783163785934,0.338512122631073,0.45069801807403564,0.14719100296497345,0.5869998931884766,0.5819699764251709,0.3134290908075281
0.03987026959657669,0.13423599302768707,0.7120488286018372,0.7826353907585144,0.6951554417610168,0.30213499069213867,0.7139357328414917,0.15272478759288788,0.2966253459453583,0.8588628768920898,0.8384453058242798,0.743779314367176
0.8710117340087891,0.5337624549865723,0.09625441581010818,0.4315620958805084,0.17902465164661407,0.8633967041969299,0.16391807794570923,0.8376546502113342,0.8821096420288086,0.44349637627601624,0.3901606798171997,0.6328508998039382
0.920659601688385,0.018828723579645157,0.42814087867736816,0.29289865493774414,0.09675769507884979,0.6750991344451904,0.5691969394683838,0.05762571841478348,0.4272860884666443,0.6261618733406067,0.892734169960022,0.7450404705099438
0.24801687896251678,0.6802992820739746,0.763524055480957,0.9252237677574158,0.5191063284873962,0.23651716113090515,0.05670303478837013,0.9986724257469177,0.7787598371505737,0.03946980461478233,0.31957924365997314,0.19844799261881196
0.44367659091949463,0.4962764382362366,0.18474078178405762,0.004494955763220787,0.7769778966903687,0.41255488991737366,0.9332399368286133,0.6711572408676147,0.6606007814407349,0.2793160080909729,0.07642123848199844,0.805648504898453
0.6459137201309204,0.8357251286506653,0.506467342376709,0.6524432897567749,0.3546331226825714,0.9756180047988892,0.4447348713874817,0.3543780744075775,0.01225963607430458,0.9290745854377747,0.6516971588134766,0.7713457127594257
0.6866515874862671,0.4638068377971649,0.3345624804496765,0.46738287806510925,0.657536506652832,0.19295984506607056,0.09185539186000824,0.6424519419670105,0.16011396050453186,0.3277067542076111,0.6570466160774231,0.13538117419235424
0.48056352138519287,0.8604415655136108,0.9815840125083923,0.8184580206871033,0.204917311668396,0.6298060417175293,0.5339527726173401,0.3325163722038269,0.5107942223548889,0.9753724932670593,0.11502054333686829,0.5493219006017881
0.21064704656600952,0.05233805626630783,0.09162016212940216,0.23626069724559784,0.4627889096736908,0.9537912607192993,0.40963590145111084,0.005489438772201538,0.9238665699958801,0.7037650942802429,0.37180107831954956,0.786996110369381
0.8794350028038025,0.6547839045524597,0.7249850630760193,0.6029590368270874,0.9154118895530701,0.392402708530426,0.9684917330741882,0.9377394914627075,0.27631890773773193,0.11913152784109116,0.9157039523124695,0.36994643011934547
0.8297176361083984,0.17155033349990845,0.7994095087051392,0.7455172538757324,0.8722227215766907,0.08447804301977158,0.31127119064331055,0.15917527675628662,0.789302408695221,0.8114582300186157,0.4257846474647522,0.31317026503186496
0.0025339117273688316,0.5042012333869934,0.38395583629608154,0.09756715595722198,0.2633175253868103,0.5234290957450867,0.8149040341377258,0.850948691368103,0.3757617175579071,0.398150235414505,0.8448172211647034,0.7951765700374811
0.3058595061302185,0.31324315071105957,0.5565119981765747,0.9571501612663269,0.005445864982903004,0.8161336779594421,0.19118188321590424,0.5534637570381165,0.056396953761577606,0.15806365013122559,0.6019644141197205,0.6518470056314787
0.6035556197166443,0.9796348810195923,0.12737120687961578,0.32482683658599854,0.6143472194671631,0.2527014911174774,0.6865805983543396,0.48742273449897766,0.6418202519416809,0.5083051919937134,0.18505282700061798,0.5587340827327136
0.540647566318512,0.11064232140779495,0.5776437520980835,0.040617503225803375,0.1545567363500595,0.49263280630111694,0.35744771361351013,0.2189025580883026,0.85074383020401,0.02203984744846821,0.22947844862937927,0.5357095886520786
0.36977681517601013,0.7135450839996338,0.2384721040725708,0.6729427576065063,0.7331579923629761,0.9306950569152832,0.768360435962677,0.7866449356079102,0.45294249057769775,0.6873008608818054,0.5624209642410278,1.0259373482335066
0.06352903693914413,0.4044344127178192,0.8171690702438354,0.2567155063152313,0.9755266308784485,0.7317403554916382,0.1440354734659195,0.6136706471443176,0.11605682969093323,0.8844148516654968,0.8033061027526855,0.4098532222790052
0.7677783966064453,0.8025044798851013,0.49946653842926025,0.9046637415885925,0.39692920446395874,0.16815942525863647,0.7340921759605408,0.42361384630203247,0.7169755101203918,0.2822203040122986,0.4721794128417969,0.5171044177895737
0.9444556832313538,0.25399377942085266,0.04253477230668068,0.7621111273765564,0.31464698910713196,0.3548682630062103,0.014360207132995129,0.7060844302177429,0.2313363403081894,0.6014906167984009,0.998215913772583,0.01724740089777905
0.14467673003673553,0.9218187928199768,0.6408612132072449,0.3954108953475952,0.7995232939720154,0.7911308407783508,0.6118150353431702,0.2721177637577057,0.5665059685707092,0.20187164843082428,0.2922189235687256,0.2364520015943707
0.4214368760585785,0.22997581958770752,0.2820133566856384,0.5342447757720947,0.5571545362472534,0.6233957409858704,0.48808571696281433,0.06960345059633255,0.9971831440925598,0.4930141270160675,0.03346981853246689,0.6396359180939882
0.7467819452285767,0.5630853176116943,0.9018394351005554,0.1831715703010559,0.07227445393800735,0.06167532876133919,0.8896767497062683,0.8778376579284668,0.33388087153434753,0.8296009302139282,0.74152672290802,0.760226995518927
0.7409026622772217,0.08805633336305618,0.2591480314731598,0.6834932565689087,0.49535542726516724,0.2809266746044159,0.844679057598114,0.9515972137451172,0.07035452127456665,0.44913536310195923,0.08563362061977386,0.6444935379174916
0.41170668601989746,0.7361327409744263,0.9247351884841919,0.034568365663290024,0.8864540457725525,0.8426193594932556,0.27755871415138245,0.011528994888067245,0.7196742296218872,0.8463762402534485,0.6275919675827026,0.6313760922982139
0.15453118085861206,0.42701444029808044,0.0020455271005630493,0.8950898051261902,0.6284564733505249,0.5103258490562439,0.6538515686988831,0.3380677103996277,0.8378523588180542,0.5828846096992493,0.8865735530853271,0.6879856584015662
0.950211226940155,0.7799261212348938,0.6813198328018188,0.26178812980651855,0.23736168444156647,0.0741518959403038,0.21997293829917908,0.6558215022087097,0.4854000508785248,0.24758104979991913,0.3425857722759247,0.16732432665967084
0.7736197710037231,0.2963322699069977,0.8567580580711365,0.40437641739845276,0.03836344555020332,0.387440025806427,0.5002488493919373,0.49737438559532166,0.9411661624908447,0.9322150945663452,0.8157973289489746,0.5564281944356865
0.07332813739776611,0.8794786334037781,0.45984718203544617,0.7564262747764587,0.5857404470443726,0.9509342908859253,0.12162373214960098,0.5555971264839172,0.3547068238258362,0.26933595538139343,0.39693930745124817,0.6993024473774964
0.36009806394577026,0.18759749829769135,0.599700391292572,0.17322954535484314,0.8437379002571106,0.649921178817749,0.9972913861274719,0.8525938987731934,0.20532207190990448,0.03675483167171478,0.1553109884262085,0.3693325455242867
0.534686267375946,0.6054619550704956,0.21644611656665802,0.5409061908721924,0.296357125043869,0.2118847817182541,0.37690022587776184,0.1686387062072754,0.619898796081543,0.6376699209213257,0.5723837614059448,0.4588980913092922
0.5938156247138977,0.48592910170555115,0.5159007906913757,0.8251175284385681,0.9415715336799622,0.03348066657781601,0.5790790915489197,0.43709784746170044,0.8875371217727661,0.14347031712532043,0.5289188027381897,0.3276059462423725
0.2999589741230011,0.8383209705352783,0.1679520308971405,0.4574427604675293,0.42645159363746643,0.5968795418739319,0.04315865412354469,0.6193516850471497,0.28533849120140076,0.5583027005195618,0.19584564864635468,0.4074937080786843
0.00831399206072092,0.03027087077498436,0.7764222025871277,0.5972760915756226,0.18420112133026123,0.8041425347328186,0.9194443821907043,0.7928141355514526,0.1534746289253235,0.763536274433136,0.43941250443458557,0.9946394342592799
0.8395775556564331,0.6768527626991272,0.40697380900382996,0.24522428214550018,0.6993248462677002,0.3652859628200531,0.4543801546096802,0.2328747808933258,0.5525559186935425,0.41066795587539673,0.7703952193260193,0.422359060010434
0.8892281651496887,0.12969084084033966,0.11355462670326233,0.10264166444540024,0.5237946510314941,0.1732136458158493,0.7971522212028503,0.8874155282974243,0.006944693624973297,0.7222493886947632,0.259082168340683,0.6760067230348759
0.21646340191364288,0.5460590720176697,0.7030810117721558,0.7359414100646973,0.1023920476436615,0.7345057725906372,0.3247203826904297,0.07137834280729294,0.6717751026153564,0.07305549830198288,0.9651945233345032,0.6693749299497722
0.4746229946613312,0.355123907327652,0.3740293085575104,0.31877580285072327,0.3446424603462219,0.9105494022369385,0.7003799080848694,0.2743808925151825,0.7723484039306641,0.37170717120170593,0.7081505656242371,0.5075637497812702
0.6769821643829346,0.9377524852752686,0.9420865774154663,0.9677025675773621,0.7660412192344666,0.4737383723258972,0.173811674118042,0.7161504626274109,0.43565064668655396,0.9589637517929077,0.00019187014549970627,0.4456490955417136
0.6557052135467529,0.32566195726394653,0.14524348080158234,0.15276677906513214,0.2129853069782257,0.6948415040969849,0.289659321308136,0.2875155210494995,0.26697564125061035,0.29415735602378845,0.05830717831850052,0.6067170944329816
0.4494950473308563,0.9752116799354553,0.54593425989151,0.5048165321350098,0.6666116118431091,0.13180597126483917,0.8323656320571899,0.7224568128585815,0.9312567114830017,0.8793249130249023,0.7330465316772461,0.7739381608480662
0.24207845330238342,0.15827324986457825,0.4062369465827942,0.4249006509780884,0.9088619947433472,0.4558005630970001,0.20888034999370575,0.9239944815635681,0.5005986094474792,0.6738357543945312,0.9764302968978882,0.49428805006484766
0.9109885096549988,0.509726881980896,0.7854586243629456,0.7925774455070496,0.4552319049835205,0.8942937850952148,0.6652199029922485,0.11673875153064728,0.16445018351078033,0.02670418843626976,0.2996005117893219,0.17086476549089769
0.8612738847732544,0.054811932146549225,0.7350666522979736,0.9312729239463806,0.25627943873405457,0.5825907588005066,0.07049088180065155,0.7707911133766174,0.6510319113731384,0.8401305079460144,0.7962831258773804,0.42823675883561696
0.03396812081336975,0.6443144083023071,0.07326700538396835,0.2823481261730194,0.8661307096481323,0.021415943279862404,0.5516550540924072,0.20402340590953827,0.04913841933012009,0.48932451009750366,0.49458298087120056,0.4580696623286216
0.2747938334941864,0.46023815870285034,0.9960458278656006,0.6473706960678101,0.6238802075386047,0.31412994861602783,0.4270860552787781,0.37602105736732483,0.38607367873191833,0.1909131109714508,0.23735594749450684,0.4260644142740776
0.5726119875907898,0.8717617392539978,0.3127465546131134,0.014068882912397385,0.014032794162631035,0.7508236765861511,0.9468913078308105,0.5670562982559204,0.7848498225212097,0.6036564707756042,0.5372097492218018,1.011956979622458
0.5095794200897217,0.22536566853523254,0.8883547782897949,0.35486161708831787,0.7236860394477844,0.9945353269577026,0.024009304121136665,0.8355231881141663,0.7087387442588806,0.11348091810941696,0.6109326481819153,0.6930188151139558
0.33883076906204224,0.5753248333930969,0.30285337567329407,0.9881615042686462,0.14603084325790405,0.43272343277931213,0.5980156660079956,0.14277131855487823,0.12234045565128326,0.7162399291992188,0.16070349514484406,0.5345550177610244
0.09508311003446579,0.259454607963562,0.6317548751831055,0.06649428606033325,0.4040283262729645,0.23375935852527618,0.47453752160072327,0.44123291969299316,0.44165563583374023,0.9794988632202148,0.41986820101737976,0.5422438685328245
0.7992104291915894,0.9084844589233398,0.05991008132696152,0.7154209613800049,0.9816796779632568,0.6700525283813477,0.8995627164840698,0.5062992572784424,0.8561713099479675,0.31480249762535095,0.8680679202079773,0.39106166455872565
0.9758904576301575,0.39415180683135986,0.47816094756126404,0.5767275094985962,0.8061342239379883,0.8529713749885559,0.36733749508857727,0.34834030270576477,0.3422454297542572,0.5051609873771667,0.348908931016922,0.7282980955133163
0.17623360455036163,0.8051576614379883,0.8301423192024231,0.20905259251594543,0.32226502895355225,0.28911566734313965,0.7548084259033203,0.6572973728179932,0.9907717108726501,0.1680402010679245,0.9222384095191956,0.6295671864814368
0.39049363136291504,0.12202735245227814,0.2215772569179535,0.8456055521965027,0.06426747888326645,0.12137114256620407,0.1302475482225418,0.9853009581565857,0.5776802897453308,0.40086930990219116,0.6807932257652283,0.18031404645018376
0.7157166004180908,0.7100335955619812,0.587245762348175,0.49355384707450867,0.5481404662132263,0.5597689747810364,0.743729829788208,0.05207626894116402,0.226021409034729,0.7999541163444519,0.1056784987449646,0.7030465473336165
0.6949689984321594,0.40768054127693176,0.7529671788215637,0.025302909314632416,0.2992267608642578,0.6797966957092285,0.20270009338855743,0.13688810169696808,0.9158190488815308,0.4793734848499298,0.382259726524353,0.4979098866133227
0.3951290249824524,0.7603176236152649,0.430397093296051,0.6263781189918518,0.815355658531189,0.24353119730949402,0.6751530170440674,0.8218293786048889,0.25117963552474976,0.8161419034004211,0.8305367231369019,0.7042057893557285
0.17111098766326904,0.07629096508026123,0.5081174969673157,0.3033401668071747,0.5731051564216614,0.4190882742404938,0.2997143864631653,0.523855447769165,0.179880291223526,0.6150720715522766,0.5888926982879639,0.19989953062194896
0.9961508512496948,0.7245807647705078,0.17576654255390167,0.9200383424758911,0.05698009580373764,0.9808114767074585,0.8263072967529297,0.4665996730327606,0.5164023637771606,0.21538978815078735,0.13873884081840515,0.3444127949928765
0.790180504322052,0.2072059065103531,0.35060954093933105,0.8086872100830078,0.23253899812698364,0.5420330166816711,0.4210287928581238,0.686570405960083,0.033227868378162384,0.9019635915756226,0.6442837715148926,0.5004558984055396
0.11924868822097778,0.6247959136962891,0.9655375480651855,0.41073697805404663,0.6548857092857361,0.10396610200405121,0.9569472074508667,0.36980271339416504,0.6357390880584717,0.29958367347717285,0.0690002590417862,0.6298746291826272
0.3141758441925049,0.30788418650627136,0.1057131439447403,0.5189808011054993,0.8971360921859741,0.3107426166534424,0.08042485266923904,0.04228869825601578,0.8007526397705078,0.004554004408419132,0.3279670476913452,0.2600297859621553
0.5181200504302979,0.891244113445282,0.7108907699584961,0.13665759563446045,0.47478559613227844,0.8743284344673157,0.5454758405685425,0.9833239912986755,0.40137407183647156,0.6698745489120483,0.9011296033859253,0.8209301344820905
0.5792081356048584,0.010540308430790901,0.025510791689157486,0.4833039939403534,0.7631735801696777,0.880856990814209,0.49960729479789734,0.7478846311569214,0.10651390254497528,0.17567114531993866,0.9504533410072327,0.1543418136870428
0.252085417509079,0.6573968529701233,0.657883882522583,0.8656290769577026,0.3730228841304779,0.4419088661670685,0.8782458305358887,0.3051327168941498,0.6932705640792847,0.5260980725288391,0.2737599015235901,0.7898372940641436
0.056189220398664474,0.4742550849914551,0.26694345474243164,0.18902947008609772,0.1150253564119339,0.14138230681419373,0.0028143320232629776,0.10310597717761993,0.8720055818557739,0.7937877774238586,0.01676217094063759,0.5035432064564465
0.8541905283927917,0.826433539390564,0.91690993309021,0.5869777798652649,0.5051798224449158,0.704811692237854,0.6232073307037354,0.918172299861908,0.4571163058280945,0.3804202377796173,0.6916398406028748,0.7988200990126777
0.9371148347854614,0.37457987666130066,0.6231094002723694,0.6983271241188049,0.7041457295417786,0.7723743319511414,0.15544025599956512,0.2021074742078781,0.9754483699798584,0.6900619268417358,0.21247704327106476,0.5148134651142862
0.2310878187417984,0.9574829339981079,0.19300729036331177,0.0816269963979721,0.15777389705181122,0.3355327844619751,0.7225357294082642,0.7610645890235901,0.3263044059276581,0.10524675995111465,0.5122249722480774,0.6456699274768563
0.45999643206596375,0.14157836139202118,0.8645868897438049,0.9730284214019775,0.41577136516571045,0.0037257522344589233,0.34602150321006775,0.5885797739028931,0.24135226011276245,0.34146904945373535,0.7558371424674988,0.2962144634664633
0.6290895342826843,0.5577329993247986,0.4520476460456848,0.37195509672164917,0.962139368057251,0.5651094317436218,0.7798792123794556,0.4053550958633423,0.5936136245727539,0.9891980886459351,0.45402926206588745,0.862030822280173
0.6703947186470032,0.17787989974021912,0.6552027463912964,0.5609217286109924,0.018855541944503784,0.34394511580467224,0.6328101754188538,0.5978148579597473,0.7350059151649475,0.2619527578353882,0.4799027442932129,0.5762859301287637
0.49732473492622375,0.5290586948394775,0.03649390488862991,0.1629716008901596,0.5974510908126831,0.782529890537262,0.245318204164505,0.4077465832233429,0.0862891674041748,0.9115257263183594,0.8110218048095703,0.5719767378161587
0.1942509114742279,0.3372119069099426,0.8961614370346069,0.76668381690979,0.8554485440254211,0.6142988801002502,0.8696581721305847,0.23477351665496826,0.4700760543346405,0.6435880661010742,0.5537189245223999,0.855927051061466
0.8963049650192261,0.9869752526283264,0.29501545429229736,0.3843604624271393,0.2768492102622986,0.05123283341526985,0.2561511695384979,0.8025273084640503,0.8219102025032043,0.05695568025112152,0.22078409790992737,0.15634965356869146
0.8134577870368958,0.44090622663497925,0.24500508606433868,0.2769288420677185,0.4523623287677765,0.48744601011276245,0.9758828282356262,0.0849977508187294,0.37054216861724854,0.8723217844963074,0.7497390508651733,0.8244766034960365
0.019296016544103622,0.8521551489830017,0.5637866854667664,0.8780039548873901,0.9372443556785583,0.9241702556610107,0.4018784463405609,0.8932205438613892,0.9566274285316467,0.45713701844215393,0.041674479842185974,0.8046689226398636
0.2894642651081085,0.043048277497291565,0.48597997426986694,0.05165458470582962,0.6792467832565308,0.7247196435928345,0.5255932211875916,0.6907054781913757,0.6040709614753723,0.22114746272563934,0.28498148918151855,0.7672217842952498
0.6204226016998291,0.6327645778656006,0.8223549723625183,0.6683529019355774,0.19436860084533691,0.16345328092575073,0.10058131814002991,0.25675028562545776,0.18985308706760406,0.5734183192253113,0.9909861087799072,0.4125702219980239
0.5554425716400146,0.27890849113464355,0.3827940821647644,0.9467029571533203,0.5433197021484375,0.09161700308322906,0.929652988910675,0.02130318060517311,0.30124256014823914,0.08324656635522842,0.9074977040290833,0.6279196158180217
0.3554561138153076,0.9282132387161255,0.8088721632957458,0.33000269532203674,0.09069477766752243,0.5280017256736755,0.44847536087036133,0.953557014465332,0.9028382897377014,0.7464780807495117,0.3635872006416321,0.5560167857478198
0.07845943421125412,0.2372513711452484,0.13743990659713745,0.7247150540351868,0.33294519782066345,0.8212022185325623,0.5728082060813904,0.6265313029289246,0.5366442799568176,0.9473075866699219,0.12224837392568588,0.7423099988507458
0.7533528208732605,0.586996853351593,0.5537676215171814,0.12364181876182556,0.7855662703514099,0.25935980677604675,0.05300116166472435,0.31659188866615295,0.13818120956420898,0.3469899892807007,0.6642820239067078,0.12973123843085216
0.9592477083206177,0.10229866206645966,0.9726134538650513,0.23106765747070312,0.9845474362373352,0.20193082094192505,0.7102213501930237,0.5380275845527649,0.6872058510780334,0.5354086756706238,0.17733435332775116,0.5788603908035382
0.13035692274570465,0.6905795931816101,0.336208701133728,0.6133928894996643,0.37564796209335327,0.6403591632843018,0.16753995418548584,0.4719904065132141,0.022749561816453934,0.13778871297836304,0.5942383408546448,0.5213689496141994
0.4363681674003601,0.3824799060821533,0.7272449731826782,0.4413253664970398,0.13339747488498688,0.964840292930603,0.7912465929985046,0.17450472712516785,0.42021214962005615,0.43307390809059143,0.853510320186615,0.3970951086301069
0.7323533892631531,0.7932718992233276,0.08105934411287308,0.8392735719680786,0.7423007488250732,0.40089303255081177,0.33492791652679443,0.866274356842041,0.7565510869026184,0.7677533030509949,0.43448537588119507,0.5528976084038321
0.7279102206230164,0.13764137029647827,0.999894380569458,0.37943896651268005,0.23908507823944092,0.5779342651367188,0.5648711919784546,0.989452064037323,0.6068543791770935,0.6219912767410278,0.3677952289581299,0.6728484857320249
0.4319764971733093,0.5381714701652527,0.3167405128479004,0.7773890495300293,0.6292355060577393,0.014353320002555847,0.06118122860789299,0.04743640497326851,0.19294142723083496,0.20868326723575592,0.9194657802581787,0.13315774156018223
0.12690377235412598,0.34726682305336,0.738900899887085,0.16795507073402405,0.8871110081672668,0.3388362526893616,0.9366048574447632,0.34516528248786926,0.37166503071784973,0.47252964973449707,0.6610983610153198,0.7516046782774108
0.9558498859405518,0.9457945823669434,0.07721613347530365,0.55027836561203,0.4969567358493805,0.7768985033035278,0.4412785470485687,0.6609601974487305,0.9574453234672546,0.8227711915969849,0.1112130656838417,0.6711362045612287
0.757696807384491,0.49381670355796814,0.4022662043571472,0.6576952338218689,0.289689838886261,0.7156683802604675,0.7840545177459717,0.44343137741088867,0.4752243757247925,0.013275094330310822,0.6057718992233276,0.23618800985946775
0.08285874128341675,0.8303704261779785,0.781587541103363,0.05662011727690697,0.8360618948936462,0.15394797921180725,0.34187695384025574,0.5036129951477051,0.826509416103363,0.6609408259391785,0.18100108206272125,0.4722032497574964
0.35884058475494385,0.02222876437008381,0.14128701388835907,0.8887218236923218,0.5781865119934082,0.44715043902397156,0.7184138298034668,0.830395519733429,0.7415763735771179,0.8931977152824402,0.42202281951904297,0.774076281903479
0.5588785409927368,0.6847098469734192,0.5421079993247986,0.2720234990119934,0.031818244606256485,0.8834130167961121,0.1595924347639084,0.14838774502277374,0.09340868145227432,0.308564156293869,0.848823070526123,0.6669964731984855
0.6248754262924194,0.2883826792240143,0.22553294897079468,0.11281432211399078,0.6990035772323608,0.8615036010742188,0.861709713935852,0.37968432903289795,0.41573596000671387,0.7870198488235474,0.7995147109031677,0.9945887181017931
0.29384645819664,0.8873690962791443,0.5910713076591492,0.7295145392417908,0.18287445604801178,0.30011504888534546,0.264342725276947,0.5638817548751831,0.7512816786766052,0.38740086555480957,0.47621482610702515,0.22868698727502645
0.02275494672358036,0.19545745849609375,0.48213285207748413,0.3407681882381439,0.4252470135688782,0.10066263377666473,0.6397582292556763,0.7661517262458801,0.6799632906913757,0.18248394131660461,0.23325446248054504,0.4173315000774577
0.8168500065803528,0.5974208116531372,0.8340145945549011,0.9418413639068604,0.9413723349571228,0.5375088453292847,0.23812514543533325,0.20817498862743378,0.016300201416015625,0.5190707445144653,0.5584006905555725,0.36995373651166974
0.8919665813446045,0.08016587793827057,0.6279220581054688,0.8344303369522095,0.7731373906135559,0.969954788684845,0.518397331237793,0.9296104311943054,0.5336789488792419,0.3325967490673065,0.037490084767341614,0.3853734803599423
0.18984581530094147,0.7440823316574097,0.055962324142456055,0.4521051049232483,0.35079094767570496,0.40652260184288025,0.10753412544727325,0.11161060631275177,0.135276660323143,0.9978577494621277,0.7377507090568542,0.47664283974528054
0.4939497411251068,0.43505558371543884,0.8845057487487793,0.6181761622428894,0.10841844975948334,0.23828962445259094,0.9840638637542725,0.284828782081604,0.3003016710281372,0.698858916759491,0.9941805005073547,0.807776006088257
0.6669490933418274,0.7720661759376526,0.2988588809967041,0.2202279418706894,0.5307687520980835,0.6772406697273254,0.3939424157142639,0.7246547937393188,0.9018365740776062,0.09666436910629272,0.2960103154182434,0.672304134355491
0.6257297396659851,0.4019812345504761,0.5957065224647522,0.909183144569397,0.45893898606300354,0.3983219861984253,0.009774798527359962,0.2785305678844452,0.800789475440979,0.6506001949310303,0.27012622356414795,0.043673540335851996
0.4565660059452057,0.7971470355987549,0.21259765326976776,0.3081078827381134,0.9115636348724365,0.9595836997032166,0.6160038113594055,0.7115129828453064,0.40330272912979126,0.05021912604570389,0.9390138387680054,0.1519104713753726
0.22673436999320984,0.11404725909233093,0.8528090119361877,0.6371733546257019,0.6691911816596985,0.6277784705162048,0.4916788339614868,0.8842428922653198,0.03709729015827179,0.25489577651023865,0.6962366104125977,0.6842076162679308
0.932694673538208,0.7179545760154724,0.456013023853302,0.020475130528211594,0.21657031774520874,0.19105911254882812,0.8864192366600037,0.07503973692655563,0.6377166509628296,0.9183090329170227,0.029195334762334824,0.8117717224086644
0.8576647639274597,0.23337630927562714,0.005916706286370754,0.13178099691867828,0.009288161061704159,0.2548506557941437,0.3541901111602783,0.7950102090835571,0.18728691339492798,0.2297755777835846,0.5002892017364502,0.3214985254281881
0.05959674343466759,0.5674954056739807,0.6852906942367554,0.5297312140464783,0.6181878447532654,0.8179137706756592,0.7719536423683167,0.2301899492740631,0.5226495265960693,0.5645146369934082,0.20836232602596283,0.938190748891826
0.2565228044986725,0.2515336275100708,0.2629743814468384,0.41555148363113403,0.860560417175293,0.517389178276062,0.1482243537902832,0.43197160959243774,0.9201312065124512,0.8637690544128418,0.4649752378463745,0.3333043213774374
0.5835748910903931,0.9164645671844482,0.9286917448043823,0.7978746891021729,0.2516568899154663,0.07880719006061554,0.7295066714286804,0.6249657273292542,0.2566511929035187,0.4659634828567505,0.7589925527572632,0.4845466315362353
0.5214895009994507,0.046985357999801636,0.3702038526535034,0.5820879340171814,0.9793747663497925,0.1660243272781372,0.30668625235557556,0.8562548160552979,0.23522813618183136,0.9406326413154602,0.8424960970878601,0.3966128308728738
0.31759679317474365,0.6523259878158569,0.9381309747695923,0.19976279139518738,0.40077900886535645,0.729976236820221,0.819092333316803,0.1654655933380127,0.5860859155654907,0.35394057631492615,0.38635414838790894,0.3942393047691683
0.12360792607069016,0.46821922063827515,0.10968243330717087,0.8705791234970093,0.14290361106395721,0.9367509484291077,0.19477549195289612,0.49273642897605896,0.9698537588119507,0.08984620869159698,0.12780365347862244,0.7260446819164814
0.7945950627326965,0.8638436198234558,0.6991091966629028,0.4726307690143585,0.7215031981468201,0.4983177185058594,0.6833226084709167,0.5597463250160217,0.3221133351325989,0.7396047711372375,0.5857308506965637,0.6645999098347276
0.9926822185516357,0.31765037775039673,0.7803700566291809,0.36132675409317017,0.5533140301704407,0.05574198439717293,0.08859732002019882,0.3436822295188904,0.8701999187469482,0.424108624458313,0.07266037166118622,0.19324860960958284
0.16769768297672272,0.9830381870269775,0.41080671548843384,0.9780268669128418,0.0684322789311409,0.6175873279571533,0.5375464558601379,0.6506957411766052,0.4569583237171173,0.7764430046081543,0.6557019948959351,0.662676851927079
0.3907011151313782,0.16619135439395905,0.5198953747749329,0.09231723099946976,0.3263077437877655,0.7931424379348755,0.41382429003715515,0.9489128589630127,0.10441332310438156,0.5444188117980957,0.8965407013893127,0.705447222844094
0.6905925869941711,0.5017458200454712,0.1718011498451233,0.6933905482292175,0.8111857175827026,0.35675492882728577,0.9639067053794861,0.013725546188652515,0.6895222663879395,0.1290522962808609,0.3155284523963928,0.7938859373598934
0.7113479375839233,0.36687347292900085,0.4899425804615021,0.7876244187355042,0.06007654592394829,0.47702646255493164,0.48150086402893066,0.17914220690727234,0.387376070022583,0.591680645942688,0.1643068641424179,0.5162458230739613
0.3860582113265991,0.9651263952255249,0.8261731266975403,0.43557465076446533,0.5751966834068298,0.9150581955909729,0.892354428768158,0.8621246814727783,0.7854805588722229,0.2389976978302002,0.6224029064178467,0.3662683155567783
0.17282801866531372,0.14919131994247437,0.24898390471935272,0.5097076892852783,0.8175692558288574,0.7473154664039612,0.016076089814305305,0.5343661904335022,0.6536357998847961,0.4402620792388916,0.8634403944015503,0.4649655030508317
0.9724143147468567,0.5499350428581238,0.5676515698432922,0.14203089475631714,0.30244526267051697,0.18382607400417328,0.6061919331550598,0.4751630425453186,0.052413925528526306,0.8550349473953247,0.4074653089046478,0.49603029910235225
0.8036324977874756,0.0028968555852770805,0.8923202753067017,0.0033816928043961525,0.4706515073776245,0.3705426752567291,0.13841331005096436,0.6292161345481873,0.5072260499000549,0.043568577617406845,0.9341439008712769,0.32242190450594277
0.09943461418151855,0.6651032567024231,0.29107555747032166,0.6523064374923706,0.8920538425445557,0.8067137002944946,0.7358090281486511,0.31439581513404846,0.17150509357452393,0.6306435465812683,0.3530544340610504,0.9337174068729716
0.3422592282295227,0.48205307126045227,0.6513453722000122,0.29297521710395813,0.6496813893318176,0.6077516078948975,0.3601263761520386,0.01568913646042347,0.27206695079803467,0.9254481196403503,0.09470176696777344,0.44179478128492866
0.5129411816596985,0.818820595741272,0.0325072817504406,0.9262769818305969,0.2282828539609909,0.046061716973781586,0.7617765069007874,0.9586832523345947,0.9359205365180969,0.2763175368309021,0.6776680946350098,0.44609277585571294
0.5769864916801453,0.2149113416671753,0.731101393699646,0.704625129699707,0.5025084614753723,0.20859669148921967,0.2158474624156952,0.6938785910606384,0.5707464814186096,0.7547694444656372,0.7211179137229919,0.5227145951632363
0.27922359108924866,0.6171495914459229,0.08504495024681091,0.07132522761821747,0.11141011118888855,0.6454123854637146,0.658007800579071,0.25308936834335327,0.21927092969417572,0.4196474850177765,0.05418246239423752,0.7767404663364208
0.037383295595645905,0.30026838183403015,0.976455569267273,0.9990194439888,0.36928558349609375,0.9381245970726013,0.2817375957965851,0.08084854483604431,0.3374605178833008,0.1521904617547989,0.3105659782886505,0.7673290568850573
0.8647406101226807,0.8990411162376404,0.34014949202537537,0.3500927686691284,0.7603801488876343,0.376827597618103,0.8405304551124573,0.8978585004806519,0.9858034253120422,0.5493680238723755,0.9795613884925842,0.7183498894882182
0.9065758585929871,0.415326863527298,0.13346174359321594,0.4887399971485138,0.9676793813705444,0.06889518350362778,0.4352633059024811,0.23989927768707275,0.44114604592323303,0.3648642897605896,0.490953654050827,0.3183336819157858
0.23771734535694122,0.7526121735572815,0.5499034523963928,0.8564148545265198,0.4203021824359894,0.5077546834945679,0.9389590620994568,0.7969127893447876,0.8547459244728088,0.9655939936637878,0.7848345637321472,0.8560018952623206
0.4460722506046295,0.06849395483732224,0.378830224275589,0.2139265090227127,0.16242676973342896,0.83174729347229,0.0632835328578949,0.5956183075904846,0.7053421139717102,0.7291695475578308,0.5418289303779602,0.5409647584355387
0.6523376703262329,0.732196569442749,0.8050528168678284,0.5659781694412231,0.709807813167572,0.2683456242084503,0.5586193203926086,0.4104309380054474,0.11985958367586136,0.06634993851184845,0.24976378679275513,0.5002045312487693
0.6735442876815796,0.09471336007118225,0.10189507156610489,0.2510232925415039,0.2779620289802551,0.5472034215927124,0.9115045070648193,0.5932196378707886,0.20876067876815796,0.6828468441963196,0.19166840612888336,0.8638027402568533
0.471240371465683,0.6983460783958435,0.7069282531738281,0.8999481797218323,0.8556174635887146,0.1105145737528801,0.46256497502326965,0.401203989982605,0.6222995519638062,0.017968732863664627,0.5169204473495483,0.32831895920260723
0.21206596493721008,0.3902158737182617,0.34674474596977234,0.04539317637681961,0.5977420806884766,0.2865599989891052,0.5860357284545898,0.1984446495771408,0.9416338205337524,0.2851930260658264,0.7736091613769531,0.49578518948684436
0.8848822712898254,0.7855950593948364,0.9615588188171387,0.6786948442459106,0.02009044587612152,0.8477301597595215,0.03595896437764168,0.7642396092414856,0.3562122881412506,0.8880155086517334,0.45041707158088684,0.3884687188364155
0.8429772853851318,0.27114200592041016,0.5120574831962585,0.5361223220825195,0.18831194937229156,0.6594246029853821,0.6931906938552856,0.10579223930835724,0.8418552875518799,0.19751180708408356,0.9536917209625244,0.8096675175812307
0.011765269562602043,0.9357985258102417,0.17960777878761292,0.18407242000102997,0.6721808910369873,0.2209341675043106,0.18075592815876007,0.9159738421440125,0.4911732077598572,0.5967822074890137,0.2553851306438446,0.43121930974430694
0.30434879660606384,0.24492819607257843,0.7569538950920105,0.7612722516059875,0.9300563931465149,0.4281991422176361,0.8053399324417114,0.7422682046890259,0.07807035744190216,0.8334546089172363,0.012684699147939682,0.7392788409627489
0.5982607007026672,0.5792608857154846,0.43425455689430237,0.39359554648399353,0.44618362188339233,0.9912317395210266,0.31677570939064026,0.3102603852748871,0.7256197929382324,0.4962741434574127,0.7128070592880249,0.7970954732593397
0.538129985332489,0.44848865270614624,0.8606013655662537,0.2402438521385193,0.7848785519599915,0.7633892297744751,0.6459078788757324,0.04546324536204338,0.7666963338851929,0.9709470868110657,0.6390687823295593,0.7511773707987188
0.3634750247001648,0.8443877100944519,0.4481913149356842,0.6079186201095581,0.3312525153160095,0.3249865174293518,0.22816161811351776,0.97966068983078,0.4315246641635895,0.3236299157142639,0.0893523171544075,0.26828670163417967
0.07773517072200775,0.03531136363744736,0.6191686987876892,0.46236300468444824,0.0888800397515297,0.023971611633896828,0.8516242504119873,0.6824188232421875,0.0008780332282185555,0.12210997939109802,0.3300846517086029,0.5281747351015919
0.7779562473297119,0.6404385566711426,0.18916526436805725,0.8144147992134094,0.542509913444519,0.587831974029541,0.2703704237937927,0.37444210052490234,0.6641823053359985,0.7073372006416321,0.8819220662117004,0.524965154693751
0.9468209147453308,0.18564735352993011,0.2708077132701874,0.9569817185401917,0.7497633695602417,0.9049217104911804,0.9900907278060913,0.5289835929870605,0.1511950045824051,0.3938113749027252,0.40109339356422424,0.4601125632064656
0.15107031166553497,0.5214762687683105,0.9208881855010986,0.32368192076683044,0.13991189002990723,0.4686257541179657,0.3838558793067932,0.4609837234020233,0.5489943027496338,0.8067364692687988,0.8278164267539978,0.5800366468364653
0.4073225259780884,0.32953792810440063,0.02933022752404213,0.7466003894805908,0.3822844326496124,0.1363302618265152,0.5084327459335327,0.13469010591506958,0.8859105110168457,0.5121722221374512,0.5691586136817932,0.4492818117602547
0.7364517450332642,0.9947121739387512,0.6618478298187256,0.09767356514930725,0.9921321272850037,0.6981450915336609,0.11368291825056076,0.8245161175727844,0.28499382734298706,0.16130268573760986,0.14431244134902954,0.5321118517958363
0.7424130439758301,0.46890193223953247,0.054316453635692596,0.5980852842330933,0.5691426992416382,0.9789214730262756,0.15196865797042847,0.7507537007331848,0.06077084317803383,0.5617839694023132,0.5499429106712341,0.689218684589611
0.41700127720832825,0.8239760398864746,0.6368920207023621,0.24701020121574402,0.05301549285650253,0.41707906126976013,0.7259159088134766,0.19276554882526398,0.6472319960594177,0.1465992033481598,0.2248043715953827,0.6969213671472314
0.1412712037563324,0.014953156001865864,0.30942004919052124,0.8232715725898743,0.3110092282295227,0.24934199452400208,0.3504844307899475,0.3950366973876953,0.7966472506523132,0.40668433904647827,0.4836941361427307,0.2673516361097685
0.940979540348053,0.6607984304428101,0.8822452425956726,0.4565732777118683,0.8271402716636658,0.6857267022132874,0.7755687236785889,0.5792455673217773,0.3820687532424927,0.758955180644989,0.806986391544342,0.8532479178880921
0.7722007036209106,0.14598509669303894,0.5816092491149902,0.3139687776565552,0.9011061787605286,0.868638277053833,0.4952968955039978,0.30068063735961914,0.9276761412620544,0.07638919353485107,0.2890169024467468,0.1006396863929404
0.06788071990013123,0.5611368417739868,0.22669433057308197,0.9619188904762268,0.4787578284740448,0.30469101667404175,0.8827086687088013,0.7404952049255371,0.27835825085639954,0.7259621620178223,0.9871947169303894,0.7338340162245831
0.3732052147388458,0.36922138929367065,0.8367595672607422,0.1083633229136467,0.22076416015625,0.10573451966047287,0.0061944155022501945,0.9137126803398132,0.16021062433719635,0.9541525840759277,0.745718777179718,0.3847882561748878
0.544009268283844,0.9550270438194275,0.4720637798309326,0.7406866550445557,0.6431087255477905,0.5441628694534302,0.619735836982727,0.09572426974773407,0.5126611590385437,0.36752018332481384,0.04545048624277115,0.6923053500584104
0.6079301238059998,0.07383636385202408,0.7954442501068115,0.8940363526344299,0.11898984014987946,0.7104858756065369,0.4175576865673065,0.36058247089385986,0.995022714138031,0.8498823046684265,0.11819663643836975,0.6282606057691288
0.31028932332992554,0.719224750995636,0.3957338333129883,0.26171115040779114,0.5091421604156494,0.14741984009742737,0.9603269100189209,0.6763812303543091,0.330194354057312,0.45226234197616577,0.6680895090103149,0.6326488815194805
0.005948908627033234,0.41108691692352295,0.5369217395782471,0.683630108833313,0.7513888478279114,0.4401263892650604,0.08488824963569641,0.9741112589836121,0.229590505361557,0.24359934031963348,0.9115035533905029,0.31504013789820917
0.8331841230392456,0.7647256851196289,0.15477418899536133,0.035681918263435364,0.36124029755592346,0.8787111639976501,0.5411648750305176,0.03209181874990463,0.5662862658500671,0.5782787203788757,0.35982537269592285,0.8380428297188526
0.8750223517417908,0.3112832307815552,0.3227807879447937,0.1782807558774948,0.41179925203323364,0.5670154094696045,0.1983892023563385,0.8145626187324524,0.11052394658327103,0.27268680930137634,0.8572721481323242,0.46195693409982846
0.20628587901592255,0.895655632019043,0.9855532050132751,0.5449810028076172,0.9581694006919861,0.00574903842061758,0.6796163320541382,0.13255862891674042,0.7127246260643005,0.9359183311462402,0.4304795265197754,0.5274206907949918
0.4771409034729004,0.20474717020988464,0.06421344727277756,0.4003638029098511,0.7159228324890137,0.32973605394363403,0.3030939996242523,0.45934048295021057,0.8445579409599304,0.6328682899475098,0.1735268533229828,0.22920623674308954
0.6832842826843262,0.6194402575492859,0.7445792555809021,0.7514370083808899,0.1695488542318344,0.7664602994918823,0.8228362798690796,0.519518256187439,0.44547465443611145,0.03255068138241768,0.5982900857925415,0.26861729305482757
0.6424756050109863,0.24166466295719147,0.4164813756942749,0.06638804823160172,0.851486086845398,0.049094635993242264,0.7069790959358215,0.4772964119911194,0.3509049713611603,0.7125014066696167,0.5928975939750671,0.6314947325670384
0.4402937889099121,0.5903979539871216,0.7673712968826294,0.7143383026123047,0.2728846073150635,0.6125240325927734,0.17111779749393463,0.5443177819252014,0.9528005123138428,0.1101214736700058,0.13497796654701233,0.5065513673658529
0.24361950159072876,0.27355489134788513,0.15745626389980316,0.3560064733028412,0.030638013035058975,0.7885597944259644,0.7954506278038025,0.871587872505188,0.6158957481384277,0.3190171420574188,0.3782089352607727,0.37022912816761455
0.9163137078285217,0.9257562756538391,0.5259395837783813,0.9883297085762024,0.6092357039451599,0.34961166977882385,0.33032724261283875,0.18078723549842834,0.21711759269237518,0.9843376874923706,0.8343432545661926,0.4754378749718263
0.8744117021560669,0.37712183594703674,0.9516218304634094,0.8496485352516174,0.6832168698310852,0.15754687786102295,0.9250522255897522,0.9647229909896851,0.7310549020767212,0.1649370640516281,0.32416051626205444,0.6586696537447772
0.04332172870635986,0.790815532207489,0.36501365900039673,0.49857330322265625,0.19834083318710327,0.7189305424690247,0.45267948508262634,0.02954709343612194,0.06677588075399399,0.5017054677009583,0.9051803946495056,0.685385611725525
0.27340513467788696,0.106704942882061,0.69258052110672,0.5717679262161255,0.44058749079704285,0.9261859059333801,0.5763861536979675,0.32776543498039246,0.49746447801589966,0.8045075535774231,0.6480446457862854,0.8857420425199617
0.5671949982643127,0.6939839124679565,0.12353520095348358,0.20506973564624786,0.9254673719406128,0.48934435844421387,0.04975881054997444,0.634767472743988,0.8336108922958374,0.40482527017593384,0.06499537080526352,0.28869772831340274
0.5071839690208435,0.34061774611473083,0.6752176880836487,0.4267159402370453,0.336909681558609,0.26528218388557434,0.9726400971412659,0.8996331691741943,0.659722089767456,0.8755882978439331,0.020554514601826668,0.818350280740147
0.3324069380760193,0.9913837909698486,0.008665380999445915,0.7934160828590393,0.7895286083221436,0.8270053863525391,0.4054567813873291,0.09042622894048691,0.01119761262089014,0.2907731235027313,0.6876034736633301,0.7613294653773475
0.10916699469089508,0.17542581260204315,0.9298492074012756,0.1518661081790924,0.5315349698066711,0.5260001420974731,0.5297967791557312,0.26315540075302124,0.4242585003376007,0.030943628400564194,0.9466763734817505,0.6551850253650829
0.8095101118087769,0.5237022042274475,0.2535160183906555,0.5029394626617432,0.07891218364238739,0.08973463624715805,0.09598111361265182,0.6961416602134705,0.7759156227111816,0.6786726713180542,0.2777811288833618,0.4855999492647626
0.9783777594566345,0.040589042007923126,0.21034109592437744,0.6416186094284058,0.12942536175251007,0.40301525592803955,0.6282098889350891,0.4161120355129242,0.2893224358558655,0.48623090982437134,0.751815915107727,0.5816465812743845
0.1825050562620163,0.6274093985557556,0.6062639951705933,0.009293499402701855,0.7383307814598083,0.9666010737419128,0.24952183663845062,0.6091023087501526,0.8757225275039673,0.8366578221321106,0.45780622959136963,0.7045406051543903
0.37625738978385925,0.44430580735206604,0.4649869203567505,0.9359882473945618,0.9963245391845703,0.6343151926994324,0.8732365965843201,0.8108851909637451,0.5563768148422241,0.6082270741462708,0.21651341021060944,0.8964125133827908
0.7055087089538574,0.8565661907196045,0.8511594533920288,0.2880399227142334,0.38742291927337646,0.19624829292297363,0.2529083490371704,0.24606871604919434,0.14185938239097595,0.19485953450202942,0.5084326267242432,0.2245317474767744
0.6964797377586365,0.02683888003230095,0.5603388547897339,0.19383573532104492,0.6402409672737122,0.0760413110256195,0.8017529845237732,0.06496597081422806,0.9687414765357971,0.5295965075492859,0.9726390242576599,0.6490472003315864
0.40042397379875183,0.6724703311920166,0.13132724165916443,0.5927605032920837,0.2491445094347,0.5123344659805298,0.3205162584781647,0.8819873332977295,0.36622825264930725,0.17879049479961395,0.30363601446151733,0.51075431216996
0.15785112977027893,0.48835593461990356,0.8032811880111694,0.47758132219314575,0.4913911819458008,0.8368077278137207,0.6968019604682922,0.7097458243370056,0.20118416845798492,0.3764461576938629,0.06208331882953644,0.911796396522333
0.9869192838668823,0.8437047600746155,0.3879261910915375,0.8608831167221069,0.8824914693832397,0.2749958336353302,0.1770540326833725,0.2689451277256012,0.6005647778511047,0.7891895174980164,0.7290263772010803,0.5159303917411903
0.788761556148529,0.35754936933517456,0.08767155557870865,0.9722199440002441,0.8319610357284546,0.2175748199224472,0.5823213458061218,0.6109858155250549,0.0822441354393959,0.10858999192714691,0.2413761019706726,0.47441757365287895
0.11380138993263245,0.9431414008140564,0.7211504578590393,0.3701702058315277,0.2845819294452667,0.6559726595878601,0.039580803364515305,0.42580991983413696,0.7468815445899963,0.6937575340270996,0.5334336161613464,0.5093903082546053
0.3272833526134491,0.12625637650489807,0.3305690586566925,0.7001740336418152,0.04233532398939133,0.9491655230522156,0.9152403473854065,0.2245166003704071,0.8181503415107727,0.9844040870666504,0.7922475934028625,1.0657489867171073
0.5274434089660645,0.5416829586029053,0.9777351021766663,0.08249726891517639,0.5897106528282166,0.3853098154067993,0.45898082852363586,0.7815186977386475,0.4816303253173828,0.3372725248336792,0.49837425351142883,0.4701501567357569
0.5933222770690918,0.4226367473602295,0.28600743412971497,0.29828983545303345,0.17241841554641724,0.359612375497818,0.5048491358757019,0.5502906441688538,0.026490341871976852,0.8196308016777039,0.41586220264434814,0.5771281612146885
0.26241540908813477,0.7764893770217896,0.9056890606880188,0.9159647226333618,0.6875404715538025,0.7981055974960327,0.11742009222507477,0.49108365178108215,0.6756325364112854,0.4825100004673004,0.871829628944397,0.5465756284307005
0.05382401496171951,0.09344299137592316,0.04648211970925331,0.029316656291484833,0.9455342292785645,0.5986628532409668,0.9937129616737366,0.1633244752883911,0.7606151700019836,0.21139854192733765,0.6149842739105225,0.4190366091806834
0.8477969765663147,0.7385566830635071,0.6446946263313293,0.6313683390617371,0.43041595816612244,0.0356273353099823,0.38014304637908936,0.8463107347488403,0.40835562348365784,0.6104833483695984,0.15689589083194733,0.3290670672446887
0.9229089021682739,0.19298353791236877,0.8132964372634888,0.5200332999229431,0.35641753673553467,0.4718325138092041,0.8479217886924744,0.0003636786714196205,0.8915186524391174,0.3029249906539917,0.684600830078125,0.7913838993282494
0.2209101766347885,0.6078903079032898,0.49549517035484314,0.13673342764377594,0.777817964553833,0.9085262417793274,0.27398037910461426,0.9433540105819702,0.304760217666626,0.9056839942932129,0.10162686556577682,0.6641853802858545
0.4625139832496643,0.29195141792297363,0.5738178491592407,0.808549165725708,0.5198243260383606,0.7403028607368469,0.6496480107307434,0.6446484923362732,0.12605568766593933,0.6650557518005371,0.3451472222805023,0.839442268220733
0.6353912949562073,0.8760489225387573,0.2345169484615326,0.40962252020835876,0.09842005372047424,0.179128035902977,0.22457315027713776,0.3298320174217224,0.5409467816352844,0.00035939179360866547,0.9262443780899048,0.23874861467950728
0.6571654677391052,0.26188090443611145,0.9064249396324158,0.7206711173057556,0.9206464886665344,0.8964328169822693,0.3716478943824768,0.6665173768997192,0.6314270496368408,0.7427490949630737,0.8906242251396179,0.7250881051684471
0.4881238341331482,0.9138687252998352,0.2769700586795807,0.11862124502658844,0.46701472997665405,0.4575762450695038,0.7503455877304077,0.3585291802883148,0.04534003138542175,0.07986995577812195,0.33877912163734436,0.7253054925471218
0.1957920789718628,0.22193418443202972,0.6674041152000427,0.9516613483428955,0.20902107656002045,0.12577666342258453,0.12686747312545776,0.06128854304552078,0.3978659510612488,0.35122179985046387,0.08162860572338104,0.16556223056305236
0.9016302824020386,0.5709419250488281,0.016449611634016037,0.3339846730232239,0.6626490354537964,0.689175546169281,0.7472013235092163,0.9954974055290222,0.8120856285095215,0.9521368741989136,0.6313527226448059,0.8283059941605775
0.8265957236289978,0.11859238147735596,0.44153687357902527,0.44143250584602356,0.6121033430099487,0.7567304372787476,0.027480896562337875,0.15003852546215057,0.263057142496109,0.13470274209976196,0.15155023336410522,0.5357349716785218
0.028649743646383286,0.705657958984375,0.8745801448822021,0.8403574228286743,0.0022575967013835907,0.3199194073677063,0.5946354866027832,0.8398531079292297,0.9117721319198608,0.5319436192512512,0.5763887763023376,0.5001040839531239
0.28807592391967773,0.3965778052806854,0.2025303691625595,0.22992394864559174,0.26025131344795227,0.01940041407942772,0.4700745940208435,0.5135587453842163,0.5279546976089478,0.7723162770271301,0.8196039795875549,0.4172677013905636
0.6150059700012207,0.8105461001396179,0.6141045093536377,0.6132256388664246,0.8701009154319763,0.5806925296783447,0.9038732051849365,0.44557034969329834,0.17612235248088837,0.4370127022266388,0.3928886353969574,0.8803021365792856
0.553046703338623,0.16366036236286163,0.1808912456035614,0.7724366188049316,0.3922456204891205,0.6641293168067932,0.07480176538228989,0.21433480083942413,0.31473296880722046,0.9077795743942261,0.4431895911693573,0.3980374822038598
0.3490319550037384,0.5121503472328186,0.5024733543395996,0.3891368508338928,0.9698953032493591,0.22795535624027252,0.5471917390823364,0.7801335453987122,0.9791872501373291,0.25858569145202637,0.7663741111755371,0.4284160477451574
0.09254320710897446,0.32128384709358215,0.42430755496025085,0.5562073588371277,0.7276487350463867,0.4347244203090668,0.42370644211769104,0.5773754119873047,0.5817551612854004,0.061177946627140045,0.525126576423645,0.5322968096157255
0.7636523842811584,0.9717754125595093,0.7595767974853516,0.1572805643081665,0.14999520778656006,0.9964171051979065,0.9503623247146606,0.3853559195995331,0.24541828036308289,0.6484345197677612,0.1998821347951889,1.0395692862436892
0.9617348909378052,0.4558577239513397,0.7160202860832214,0.04983852058649063,0.0760425552725792,0.5576463937759399,0.29313042759895325,0.7269082069396973,0.6967900991439819,0.4540262520313263,0.7041140794754028,0.4600552107116213
0.13662825524806976,0.8683315515518188,0.10012713074684143,0.6675133109092712,0.5599172115325928,0.1196100115776062,0.8289859294891357,0.2949042320251465,0.09519236534833908,0.8688586354255676,0.003984098322689533,0.7657071039074113
0.42213156819343567,0.060197532176971436,0.959420382976532,0.27782848477363586,0.8021638989448547,0.2951595187187195,0.20441696047782898,0.12119786441326141,0.4614168703556061,0.5779793858528137,0.26310327649116516,0.4177968054857753
0.722145140171051,0.6467432379722595,0.3571838438510895,0.8798803091049194,0.318293035030365,0.8586537837982178,0.6695308685302734,0.9313756823539734,0.8598819971084595,0.22511105239391327,0.9614174365997314,0.2628731920998171
0.7204260230064392,0.06100207567214966,0.1298472136259079,0.08476126194000244,0.0341494046151638,0.23044714331626892,0.0586811900138855,0.5294413566589355,0.8944602012634277,0.0887274518609047,0.6488421559333801,0.18837300293928289
0.4243702292442322,0.6460605263710022,0.5617884993553162,0.7014614939689636,0.5805546045303345,0.6665304899215698,0.5633440017700195,0.4643711745738983,0.3076941668987274,0.7377969026565552,0.07567290216684341,0.6931412827777009
0.13393066823482513,0.45422133803367615,0.39032188057899475,0.3688827157020569,0.8381820321083069,0.998793363571167,0.43889671564102173,0.13514788448810577,0.1270279437303543,0.9432936906814575,0.3164202570915222,0.7820158779509021
0.9629988670349121,0.8700897693634033,0.8007940649986267,0.9699559211730957,0.2917806804180145,0.43725231289863586,0.9352033138275146,0.8279035687446594,0.5419113636016846,0.3561577796936035,0.8916799426078796,0.8172189214802308
0.7648610472679138,0.323416143655777,0.7197010517120361,0.8625291585922241,0.49859148263931274,0.11808966100215912,0.34047073125839233,0.04396788030862808,0.02358785644173622,0.5426326394081116,0.38742882013320923,0.2937092570137217
0.0899009257555008,0.9695212841033936,0.08915183693170547,0.48020389676094055,0.8887106776237488,0.5562166571617126,0.7816754579544067,0.977188766002655,0.6727224588394165,0.12792092561721802,0.8375740647315979,0.2980219763236002
0.3512190580368042,0.16042204201221466,0.9802224636077881,0.5901378989219666,0.6310831308364868,0.8572601675987244,0.1580680012702942,0.6809234619140625,0.7596191167831421,0.42633989453315735,0.5789322257041931,0.6287646929077232
0.5513790845870972,0.5152668356895447,0.32817360758781433,0.19218966364860535,0.24096015095710754,0.2936142683029175,0.7159091234207153,0.37197017669677734,0.40735191106796265,0.779083788394928,0.13063330948352814,0.6805362556361291
0.6162463426589966,0.39628320932388306,0.9041786193847656,0.4079802632331848,0.5292251110076904,0.4590822756290436,0.2618388831615448,0.10924072563648224,0.08514756709337234,0.253756046295166,0.20534762740135193,0.4185430782414172
0.28533944487571716,0.8107183575630188,0.2874266803264618,0.8059303760528564,0.1068488135933876,0.8978463411331177,0.8601863384246826,0.9164926409721375,0.7497925758361816,0.91651451587677,0.507146954536438,1.0046610396797455
0.03086475282907486,0.11976408958435059,0.6471209526062012,0.1393522173166275,0.3489733338356018,0.6905529499053955,0.23574712872505188,0.7457166910171509,0.8191454410552979,0.6532479524612427,0.7638516426086426,0.48646587947654624
0.8248377442359924,0.7043639421463013,0.04402563348412514,0.5216755270957947,0.7713534235954285,0.12730762362480164,0.6383528709411621,0.3107791841030121,0.4826330840587616,0.05245731398463249,0.4640817642211914,0.4573808464435872
0.8999390602111816,0.21930526196956635,0.4940761625766754,0.6291081309318542,0.9390712380409241,0.3174419403076172,0.10613170266151428,0.5908087491989136,0.9658008813858032,0.8619542717933655,0.9439337253570557,0.296358660638382
0.1979403793811798,0.5736931562423706,0.814807116985321,0.028032995760440826,0.4229699671268463,0.7543454766273499,0.5160144567489624,0.39976966381073,0.3632952570915222,0.46483781933784485,0.26904940605163574,0.7566362348408349
0.48545798659324646,0.2656010687351227,0.23697367310523987,0.9172483682632446,0.18084539473056793,0.5783324837684631,0.3924141824245453,0.1960337609052658,0.20021095871925354,0.23200111091136932,0.026363983750343323,0.594024435999654
0.658335268497467,0.9102708697319031,0.571391761302948,0.30055001378059387,0.6969428062438965,0.016886815428733826,0.9815629720687866,0.7628052830696106,0.5995992422103882,0.5671840310096741,0.7030335664749146,0.8001079736774261
0.6332144141197205,0.290185809135437,0.2744828164577484,0.6105992197990417,0.2537791430950165,0.8006207346916199,0.6137430667877197,0.24035704135894775,0.697770893573761,0.1836201399564743,0.7387033104896545,0.22910877129868573
0.46417275071144104,0.8776922225952148,0.9088205099105835,0.22827409207820892,0.8626490831375122,0.36197397112846375,0.008494398556649685,0.8003002405166626,0.09618081897497177,0.5208615660667419,0.0326901338994503,0.08476660957087748
0.21970795094966888,0.19365790486335754,0.01789913699030876,0.8420072793960571,0.6205244660377502,0.038009777665138245,0.8837961554527283,0.5960760712623596,0.4643346071243286,0.7843760848045349,0.2890896201133728,0.7403760945632054
0.9255461692810059,0.6070936322212219,0.6659239530563354,0.44405895471572876,0.011650746688246727,0.6011378169059753,0.49002858996391296,0.4138183891773224,0.8628073334693909,0.38516679406166077,0.9971322417259216,0.6468770970440819
0.8505010008811951,0.09031958878040314,0.8721843361854553,0.3327086865901947,0.218415766954422,0.9069968461990356,0.7703080773353577,0.6923832297325134,0.3137759864330292,0.7006618976593018,0.46947699785232544,1.005054371742799
0.05255503952503204,0.7418023943901062,0.44402387738227844,0.949408769607544,0.6710683703422546,0.47045665979385376,0.3515642583370209,0.25061744451522827,0.9782379269599915,0.09777841717004776,0.8024051785469055,0.509791233158926
0.26414480805397034,0.42488300800323486,0.6155844330787659,0.12087382376194,0.913192868232727,0.17771202325820923,0.7282235026359558,0.07935319095849991,0.5787983536720276,0.33038246631622314,0.5594145059585571,0.5082963832479077
0.5910748243331909,0.7743654251098633,0.20108060538768768,0.7219471335411072,0.4605441093444824,0.7387943267822266,0.14596833288669586,0.8953865766525269,0.24246905744075775,0.99519944190979,0.22827164828777313,0.5065470382272089
0.5301181077957153,0.12754204869270325,0.5000165104866028,0.8811601400375366,0.8093702793121338,0.5138781666755676,0.8168354630470276,0.6326646208763123,0.2640150785446167,0.47365251183509827,0.18579891324043274,0.7809089472234347
0.3261033296585083,0.540519118309021,0.18331721425056458,0.28008490800857544,0.32452166080474854,0.07743336260318756,0.3054020404815674,0.31491461396217346,0.9127224087715149,0.8245829939842224,0.6048171520233154,0.3129114023395547
0.1154976412653923,0.35736972093582153,0.760995626449585,0.665256917476654,0.06689412891864777,0.27642807364463806,0.6806957125663757,0.01913762092590332,0.5309105515480042,0.6193265318870544,0.8458696603775024,0.5779273153924346
0.7866068482398987,0.9434428811073303,0.42279675602912903,0.04855870455503464,0.5517389178276062,0.8383305668830872,0.1931290477514267,0.9592020511627197,0.1790706217288971,0.206462562084198,0.42894184589385986,0.6636569227598546
0.9847092628479004,0.49194592237472534,0.09770092368125916,0.15991082787513733,0.7194719910621643,0.6534432172775269,0.5358970761299133,0.17673131823539734,0.6304472088813782,0.8949949741363525,0.916573166847229,0.6419511220100819
0.15960264205932617,0.8399929404258728,0.7184768915176392,0.5578610301017761,0.14084498584270477,0.21519702672958374,0.0859752744436264,0.8606903553009033,0.044352516531944275,0.30970680713653564,0.3745309114456177,0.12421740856239094
0.3991923928260803,0.024080734699964523,0.3586944043636322,0.3874832093715668,0.39847245812416077,0.38291114568710327,0.9626273512840271,0.5319553017616272,0.39494726061820984,0.011032196693122387,0.1161942332983017,0.316427219221348
0.6992059350013733,0.6751066446304321,0.9580012559890747,0.7698063850402832,0.9771032333374023,0.9466762542724609,0.4115644693374634,0.4737287163734436,0.8091593384742737,0.6582882404327393,0.6600828170776367,0.7917945140298716
0.7038480043411255,0.44254735112190247,0.6392875909805298,0.7390406131744385,0.23015598952770233,0.8245161175727844,0.894004762172699,0.3402337431907654,0.11148861795663834,0.12091682851314545,0.8210042119026184,0.3124974678629022
0.37843620777130127,0.858202338218689,0.05182921141386032,0.10574069619178772,0.651530921459198,0.2628835141658783,0.4841238558292389,0.6501769423484802,0.7136969566345215,0.7056113481521606,0.40393999218940735,0.505281201663137
0.17986969649791718,0.04127151519060135,0.8807650804519653,0.964541494846344,0.8936554193496704,0.08735682815313339,0.6074722409248352,0.9454643726348877,0.847491979598999,0.973526120185852,0.14537398517131805,0.544384027061978
0.9795780777931213,0.6266045570373535,0.31086957454681396,0.31561478972435,0.47228434681892395,0.5234706997871399,0.01833687722682953,0.01320674829185009,0.4484162926673889,0.32592150568962097,0.5642539858818054,0.3279535560658992
0.8107810020446777,0.17230956256389618,0.22918133437633514,0.45430922508239746,0.3045380115509033,0.9681239128112793,0.7380649447441101,0.8586657047271729,0.9940189123153687,0.5104261040687561,0.09023052453994751,0.614657123671281
0.1064610630273819,0.5269407629966736,0.5792134404182434,0.8219841122627258,0.8196874856948853,0.4044474959373474,0.13969656825065613,0.1668999195098877,0.3291982114315033,0.16012363135814667,0.6342249512672424,0.3312060746305985
0.33465248346328735,0.34287211298942566,0.4706140160560608,0.24829763174057007,0.5775628685951233,0.1976403445005417,0.764402449131012,0.49514731764793396,0.22668035328388214,0.3960903286933899,0.8750490546226501,0.5340618373332077
0.5054565072059631,0.9892517328262329,0.8382394909858704,0.6003493070602417,0.062409594655036926,0.6358588933944702,0.3617718517780304,0.5611806511878967,0.5633836984634399,0.8093371987342834,0.3331145942211151,0.5977756996887738
0.5683731436729431,0.10799872130155563,0.39815980195999146,0.7536972165107727,0.7077451348304749,0.6110154986381531,0.6596543192863464,0.7945524454116821,0.9286789894104004,0.28400561213493347,0.2525402009487152,0.7697038252813324
0.2707323133945465,0.6928119659423828,0.7929874062538147,0.4016474187374115,0.16039958596229553,0.04767861217260361,0.21847428381443024,0.2268024981021881,0.27935343980789185,0.8862611055374146,0.9605056047439575,0.2889417357494939
0.04547831788659096,0.37694934010505676,0.1532633900642395,0.5436973571777344,0.41802704334259033,0.3482358157634735,0.8418145775794983,0.43151384592056274,0.16312173008918762,0.6854544878005981,0.7177138328552246,0.6997854967669761
0.872713565826416,0.7911098599433899,0.5383406281471252,0.176020547747612,0.9653763771057129,0.7870303988456726,0.28399455547332764,0.6215782761573792,0.5155646800994873,0.02025461010634899,0.011625280603766441,0.6759917441040122
